Number of days,Seasons,state,Total Population,Number of deaths,deathConfirmed,deathIncrease,deathProbable,Number of Hospitalized,hospitalizedCumulative,hospitalizedCurrently,hospitalizedIncrease,inIcuCumulative,inIcuCurrently,negative,negativeIncrease,negativeTestsAntibody,negativeTestsPeopleAntibody,negativeTestsViral,onVentilatorCumulative,onVentilatorCurrently,Number of Infected People,positiveCasesViral,positiveIncrease,positiveScore,positiveTestsAntibody,positiveTestsAntigen,positiveTestsPeopleAntibody,positiveTestsPeopleAntigen,positiveTestsViral,recovered,totalTestEncountersViral,totalTestEncountersViralIncrease,totalTestResults,totalTestResultsIncrease,totalTestsAntibody,totalTestsAntigen,totalTestsPeopleAntibody,totalTestsPeopleAntigen,totalTestsPeopleViral,totalTestsPeopleViralIncrease,totalTestsViral,totalTestsViralIncrease
0,WINTER,WA,7705281,0,,0,,0,,,0,,,,0,,,,,,0,0,0,0,,,,,,0,,0,,0,,,,,,0,,0
1,WINTER,WA,7705281,0,,0,,0,,,0,,,,0,,,,,,0,0,0,0,,,,,,0,,0,,0,,,,,,0,,0
2,WINTER,WA,7705281,0,,0,,0,,,0,,,,0,,,,,,0,0,0,0,,,,,,0,,0,,0,,,,,,0,,0
3,WINTER,WA,7705281,0,,0,,0,,,0,,,,0,,,,,,0,0,0,0,,,,,,0,,0,,0,,,,,,0,,0
4,WINTER,WA,7705281,0,,0,,0,,,0,,,,0,,,,,,0,0,0,0,,,,,,0,,0,,0,,,,,,0,,0
5,WINTER,WA,7705281,0,,0,,0,,,0,,,,0,,,,,,0,0,0,0,,,,,,0,,0,,0,,,,,,0,,0
6,WINTER,WA,7705280,0,,0,,0,,,0,,,,0,,,,,,1,1,1,0,,,,,,0,,0,,0,,,,,,0,,0
7,WINTER,WA,7705279,0,,0,,0,,,0,,,,0,,,,,,1,1,0,0,,,,,,0,,0,,0,,,,,,0,,0
8,WINTER,WA,7705277,0,,0,,0,,,0,,,,0,,,,,,2,2,1,0,,,,,,0,,0,,0,,,,,,0,,0
9,WINTER,WA,7705275,0,,0,,0,,,0,,,,0,,,,,,2,2,0,0,,,,,,0,0,0,0,0,,,,,,0,,0
10,WINTER,WA,7705273,0,,0,,0,,,0,,,,0,,,,,,2,2,0,0,,,,,,0,0,0,0,0,,,,,,0,,0
11,WINTER,WA,7705271,0,,0,,0,,,0,,,,0,,,,,,2,2,0,0,,,,,,0,0,0,0,0,,,,,,0,,0
12,WINTER,WA,7705269,0,,0,,0,,,0,,,,0,,,,,,2,2,0,0,,,,,,0,0,0,0,0,,,,,,0,,0
13,WINTER,WA,7705267,0,,0,,0,,,0,,,,0,,,,,,2,2,0,0,,,,,,0,0,0,0,0,,,,,,0,,0
14,WINTER,WA,7705265,0,,0,,0,,,0,,,,0,,,,,,2,2,0,0,,,,,,0,0,0,0,0,,,,,,0,,0
15,WINTER,WA,7705263,0,,0,,0,,,0,,,,0,,,,,,2,2,0,0,,,,,,0,0,0,0,0,,,,,,0,,0
16,WINTER,WA,7705261,0,,0,,0,,,0,,,,0,,,,,,2,2,0,0,,,,,,0,0,0,0,0,,,,,,0,,0
17,WINTER,WA,7705259,0,,0,,0,,,0,,,,0,,,,,,2,2,0,0,,,,,,0,0,0,0,0,,,,,,0,,0
18,WINTER,WA,7705257,0,,0,,0,,,0,,,,0,,,,,,2,2,0,0,,,,,,0,0,0,0,0,,,,,,0,,0
19,WINTER,WA,7705255,0,,0,,0,,,0,,,,0,,,,,,2,2,0,0,,,,,,0,0,0,0,0,,,,,,0,,0
20,WINTER,WA,7705253,0,,0,,0,,,0,,,,0,,,,,,2,2,0,0,,,,,,0,0,0,0,0,,,,,,0,,0
21,WINTER,WA,7705250,0,,0,,0,,,0,,,,0,,,,,,3,3,1,0,,,,,,0,0,0,0,0,,,,,,0,,0
22,WINTER,WA,7705247,0,,0,,0,,,0,,,,0,,,,,,3,3,0,0,,,,,,0,0,0,0,0,,,,,,0,,0
23,WINTER,WA,7705244,0,,0,,0,,,0,,,,0,,,,,,3,3,0,0,,,,,,0,0,0,0,0,,,,,,0,,0
24,WINTER,WA,7705239,0,,0,,0,,,0,,,,0,,,,,,5,5,2,0,,,,,,0,0,0,0,0,,,,,,0,,0
25,WINTER,WA,7705234,0,,0,,0,,,0,,,,0,,,,,,5,5,0,0,,,,,,0,0,0,0,0,,,,,,0,,0
26,WINTER,WA,7705229,0,,0,,0,,,0,,,,0,,,,,,5,5,0,0,,,,,,0,0,0,0,0,,,,,,0,,0
27,WINTER,WA,7705224,0,,0,,0,,,0,,,,0,,,,,,5,5,0,0,,,,,,0,0,0,0,0,,,,,,0,,0
28,WINTER,WA,7705219,0,,0,,0,,,0,,,,0,,,,,,5,5,0,0,,,,,,0,0,0,0,0,,,,,,0,,0
29,WINTER,WA,7705214,0,,0,,0,,,0,,,,0,,,,,,5,5,0,0,,,,,,0,0,0,0,0,,,,,,0,,0
30,WINTER,WA,7705209,0,,0,,0,,,0,,,,0,,,,,,5,5,0,0,,,,,,0,0,0,0,0,,,,,,0,,0
31,WINTER,WA,7705203,0,,0,,0,,,0,,,,0,,,,,,6,6,1,0,,,,,,0,0,0,0,0,,,,,,0,,0
32,WINTER,WA,7705196,0,,0,,0,,,0,,,,0,,,,,,7,7,1,0,,,,,,0,0,0,0,0,,,,,,0,,0
33,WINTER,WA,7705189,0,,0,,0,,,0,,,,0,,,,,,7,7,0,0,,,,,,0,0,0,0,0,,,,,,0,,0
34,WINTER,WA,7705182,0,,0,,0,,,0,,,,0,,,,,,7,7,0,0,,,,,,0,0,0,0,0,,,,,,0,,0
35,WINTER,WA,7705175,0,,0,,0,,,0,,,,0,,,,,,7,7,0,0,,,,,,0,0,0,0,0,,,,,,0,,0
36,WINTER,WA,7705168,0,,0,,0,,,0,,,,0,,,,,,7,7,0,0,,,,,,0,0,0,0,0,,,,,,0,,0
37,WINTER,WA,7705161,0,,0,,0,,,0,,,,0,,,,,,7,7,0,0,,,,,,0,0,0,0,0,,,,,,0,,0
38,WINTER,WA,7705154,0,,0,,0,,,0,,,,0,,,,,,7,7,0,0,,,,,,0,0,0,0,0,,,,,,0,,0
39,WINTER,WA,7705147,0,,0,,0,,,0,,,,0,,,,,,7,7,0,0,,,,,,0,0,0,0,0,,,,,,0,,0
40,WINTER,WA,7705140,0,,0,,0,,,0,,,,0,,,,,,7,7,0,0,,,,,,0,0,0,0,0,,,,,,0,,0
41,WINTER,WA,7705132,0,,0,,0,,,0,,,,0,,,,,,8,8,1,0,,,,,,0,0,0,0,0,,,,,,0,,0
42,WINTER,WA,7705123,0,,0,,0,,,0,,,,0,,,,,,9,9,1,0,,,,,,0,0,0,0,0,,,,,,0,,0
43,WINTER,WA,7705113,0,,0,,0,,,0,,,,0,,,,,,10,10,1,0,,,,,,0,0,0,0,0,,,,,,0,,0
44,WINTER,WA,7705099,2,,2,,0,,,0,,,,0,,,,,,12,12,2,0,,,,,,0,0,0,0,0,,,,,,0,,0
45,WINTER,WA,7705084,2,,0,,0,,,0,,,,0,,,,,,13,13,1,0,,,,,,0,0,0,0,0,,,,,,0,,0
46,WINTER,WA,7705065,4,,2,,0,,,0,,,,0,,,,,,15,15,2,0,,,,,,0,0,0,0,0,,,,,,0,,0
47,WINTER,WA,7705042,5,,1,,0,,,0,,,,0,,,,,,18,18,3,0,,,,,,0,42,42,42,42,,,,,41,41,,0
48,SPRING,WA,7705008,8,,3,,0,,,0,,,,0,,,,,,26,26,8,0,,,,,,0,117,75,117,75,,,,,114,73,,0
49,SPRING,WA,7704954,11,,3,,0,,,0,,,,0,,,,,,43,43,17,0,,,,,,0,305,188,305,188,,,,,298,184,,0
50,SPRING,WA,7704881,14,,3,,0,,,0,,,,0,,,,,,59,59,16,0,,,,,,0,531,226,531,226,,,,,523,225,,0
51,SPRING,WA,7704772,16,,2,,0,,,0,,,,0,,,,,,93,93,34,0,,,,,,0,782,251,782,251,,,,,768,245,,0
52,SPRING,WA,7704635,20,,4,,0,,,0,,,,0,,,,,,117,117,24,0,,,,,,0,1156,374,1156,374,,,,,1128,360,,0
53,SPRING,WA,7704454,26,,6,,0,,,0,,,,0,,,,,,155,155,38,0,,,,,,0,1667,511,1667,511,,,,,1604,476,,0
54,SPRING,WA,7704221,27,,1,,0,,,0,,,,0,,,,,,206,206,51,0,,,,,,0,2092,425,2092,425,,,,,2007,403,,0
55,SPRING,WA,7703946,31,,4,,0,,,0,,,,0,,,,,,244,244,38,0,,,,,,0,2632,540,2632,540,,,,,2530,523,,0
56,SPRING,WA,7703629,35,,4,,0,,,0,,,,0,,,,,,282,282,38,0,,,,,,0,3673,1041,3673,1041,,,,,3554,1024,,0
57,SPRING,WA,7703249,37,,2,,0,,,0,,,,0,,,,,,343,343,61,0,,,,,,0,5486,1813,5486,1813,,,,,5338,1784,,0
58,SPRING,WA,7702804,40,,3,,0,,,0,,,,0,,,,,,405,405,62,0,,,,,,0,7805,2319,7805,2319,,,,,7605,2267,,0
59,SPRING,WA,7702245,44,,4,,0,,,0,,,,0,,,,,,515,515,110,0,,,,,,0,11614,3809,11614,3809,,,,,11369,3764,,0
60,SPRING,WA,7701550,47,,3,,0,,,0,,,,0,,,,,,648,648,133,0,,,,,,0,15940,4326,15940,4326,,,,,15603,4234,,0
61,SPRING,WA,7700672,51,,4,,0,,,0,,,,0,,,,,,827,827,179,0,,,,,,0,18316,2376,18316,2376,,,,,17932,2329,,0
62,SPRING,WA,7699574,57,,6,,0,,,0,,,,0,,,,,,1041,1041,214,0,,,,,,0,20059,1743,20059,1743,,,,,19621,1689,,0
63,SPRING,WA,7698308,69,,12,,0,,,0,,,,0,,,,,,1197,1197,156,0,,,,,,0,25055,4996,25055,4996,,,,,24516,4895,,0
64,SPRING,WA,7696925,78,,9,,0,,,0,,,,0,,,,,,1305,1305,108,0,,,,,,0,29870,4815,29870,4815,,,,,29154,4638,,0
65,SPRING,WA,7695238,82,,4,,0,,,0,,,,0,,,,,,1605,1605,300,0,,,,,,0,34696,4826,34696,4826,,,,,33894,4740,,0
66,SPRING,WA,7693273,92,,10,,0,,,0,,,,0,,,,,,1873,1873,268,0,,,,,,0,39156,4460,39156,4460,,,,,38444,4550,,0
67,SPRING,WA,7691006,104,,12,,0,,,0,,,,0,,,,,,2163,2163,290,0,,,,,,0,43276,4120,43276,4120,,,,,42505,4061,,0
68,SPRING,WA,7688398,111,,7,,0,,,0,,,,0,,,,,,2497,2497,334,0,,,,,,0,45706,2430,45706,2430,,,,,44847,2342,,0
69,SPRING,WA,7685471,126,,15,,0,,,0,,,,0,,,,,,2801,2801,304,0,,,,,,0,47738,2032,47738,2032,,,,,46735,1888,,0
70,SPRING,WA,7682336,137,,11,,0,,,0,,,,0,,,,,,2998,2998,197,0,,,,,,0,53245,5507,53245,5507,,,,,52038,5303,,0
71,SPRING,WA,7679000,146,,9,,0,,,0,,,,0,,,,,,3190,3190,192,0,,,,,,0,58745,5500,58745,5500,,,,,57265,5227,,0
72,SPRING,WA,7675188,159,,13,,0,,,0,,,,0,,,,,,3653,3653,463,0,,,,,,0,63993,5248,63993,5248,,,,,62272,5007,,0
73,SPRING,WA,7670914,183,,24,,0,,,0,,,,0,,,,,,4091,4091,438,0,,,,,,0,68680,4687,68680,4687,,,,,66743,4471,,0
74,SPRING,WA,7666183,199,,16,,0,,,0,,,,0,,,,,,4532,4532,441,0,,,,,,0,73297,4617,73297,4617,,,,,71103,4360,,0
75,SPRING,WA,7660996,220,,21,,0,,,0,,,,0,,,,,,4967,4967,435,0,,,,,,0,76094,2797,76094,2797,,,,,73704,2601,,0
76,SPRING,WA,7655330,237,,17,,0,,,0,,,,0,,,,,,5429,5429,462,0,,,,,,0,78081,1987,78081,1987,,,,,75537,1833,,0
77,SPRING,WA,7649366,248,,11,,0,,,0,,,,0,,,,,,5716,5716,287,0,,,,,,0,83531,5450,83531,5450,,,,,80687,5150,,0
78,SPRING,WA,7643147,262,,14,,0,,,0,,,,0,,,,,,5957,5957,241,0,,,,,,0,88412,4881,88412,4881,,,,,85393,4706,,0
79,SPRING,WA,7636340,282,,20,,0,,,0,,,,0,,,,,,6525,6525,568,0,,,,,,0,93374,4962,93374,4962,,,,,90110,4717,,0
80,SPRING,WA,7629043,310,,28,,0,,,0,,,,0,,,,,,6987,6987,462,0,,,,,,0,98545,5171,98545,5171,,,,,95017,4907,,0
81,SPRING,WA,7621266,338,,28,,0,,,0,,,,0,,,,,,7439,7439,452,0,,,,,,0,103598,5053,103598,5053,,,,,99871,4854,,0
82,SPRING,WA,7613063,365,,27,,0,,574,0,,174,,0,,,,,,7838,7838,399,0,,,,,,0,106297,2699,106297,2699,,,,,102485,2614,,0
83,SPRING,WA,7604423,386,,21,,0,,581,0,,178,,0,,,,,,8254,8254,416,0,,,,,,0,108393,2096,108393,2096,,,,,104437,1952,,0
84,SPRING,WA,7595555,407,,21,,0,,638,0,,191,,0,,,,,,8461,8461,207,0,,,,,,0,113776,5383,113776,5383,,,,,109573,5136,,0
85,SPRING,WA,7586494,429,,22,,0,,641,0,,190,,0,,,,,,8632,8632,171,0,,,,,,0,119252,5476,119252,5476,,,,,114802,5229,,0
86,SPRING,WA,7577024,443,,14,,0,,655,0,,186,,0,,,,,,9027,9027,395,0,,,,,,0,124317,5065,124317,5065,,,,,119606,4804,,0
87,SPRING,WA,7567125,459,,16,,0,,650,0,,191,,0,,,,,,9440,9440,413,0,,,,,,0,128808,4491,128808,4491,,,,,123912,4306,,0
88,SPRING,WA,7556863,476,,17,,0,,642,0,,191,,0,,,,,,9786,9786,346,0,,,,,,0,133289,4481,133289,4481,,,,,128211,4299,,0
89,SPRING,WA,7546220,494,,18,,0,,649,0,,191,,0,,,,,,10149,10149,363,0,,,,,,0,135476,2187,135476,2187,,,,,130287,2076,,0
90,SPRING,WA,7535253,509,,15,,0,,642,0,,191,,0,,,,,,10458,10458,309,0,,,,,,0,136957,1481,136957,1481,,,,,131718,1431,,0
91,SPRING,WA,7524114,526,,17,,0,,527,0,,166,,0,,,,,,10613,10613,155,0,,,,,,0,141543,4586,141543,4586,,,,,135938,4220,,0
92,SPRING,WA,7512869,542,,16,,0,,387,0,,98,,0,,,,,,10703,10703,90,0,,,,,,0,146201,4658,146201,4658,,,,,140247,4309,,0
93,SPRING,WA,7501244,551,,9,,0,,645,0,,194,,0,,,,,,11074,11074,371,0,,,,,,0,150699,4498,150699,4498,,,,,144393,4146,,0
94,SPRING,WA,7489297,571,,20,,0,,595,0,,196,,0,,,,,,11376,11376,302,0,,,,,,0,155401,4702,155401,4702,,,,,148741,4348,,0
95,SPRING,WA,7477007,585,,14,,0,,622,0,,195,,0,,,,,,11705,11705,329,0,,,,,,0,160524,5123,160524,5123,,,,,153193,4452,,0
96,SPRING,WA,7464395,598,,13,,0,,518,0,,155,,0,,,,,,12014,12014,309,0,,,,,,0,163092,2568,163092,2568,,,,,155439,2246,,0
97,SPRING,WA,7451419,615,,17,,0,,586,0,,193,,0,,,,,,12361,12361,347,0,,,,,,0,165059,1967,165059,1967,,,,,157116,1677,,0
98,SPRING,WA,7438253,629,,14,,0,,403,0,,122,,0,,,,,,12537,12537,176,0,,,,,,0,170027,4968,170027,4968,,,,,161504,4388,,0
99,SPRING,WA,7424980,640,,11,,0,,503,0,,161,,0,,,,,,12633,12633,96,0,,,,,,0,174818,4791,174818,4791,,,,,165706,4202,,0
100,SPRING,WA,7411366,647,,7,,0,,543,0,,161,,0,,,,,,12967,12967,334,0,,,,,,0,179945,5127,179945,5127,,,,,170130,4424,,0
101,SPRING,WA,7397477,654,,7,,0,,544,0,,151,,0,,,,,,13235,13235,268,0,,,,,,0,184908,4963,184908,4963,,,,,174468,4338,,0
102,SPRING,WA,7383299,659,,5,,0,,551,0,,164,,0,,,,,,13519,13519,284,0,,,,,,0,191084,6176,191084,6176,,,,,179977,5509,,0
103,SPRING,WA,7368840,665,,6,,0,,455,0,,174,,0,,,,,,13794,13794,275,0,,,,,,0,194532,3448,194532,3448,,,,,182988,3011,,0
104,SPRING,WA,7353957,738,,73,,0,,508,0,,145,,0,,,,,,14145,14145,351,0,,,,,,0,196617,2085,196617,2085,,,,,184766,1778,,0
105,SPRING,WA,7338897,749,,11,,0,,536,0,,115,,0,,,,,,14311,14311,166,0,,,,,,0,202414,5797,202414,5797,,,,,189883,5117,,0
106,SPRING,WA,7323707,765,,16,,0,,436,0,,158,,0,,,,,,14425,14425,114,0,,,,,,0,208382,5968,208382,5968,,,,,195230,5347,,0
107,SPRING,WA,7308126,786,,21,,0,,490,0,,156,,0,,,,,,14795,14795,370,0,,,,,,0,214078,5696,214078,5696,,,,,200153,4923,,0
108,SPRING,WA,7292235,801,,15,,0,,474,0,,145,,0,,,,,,15090,15090,295,0,,,,,,0,219604,5526,219604,5526,,,,,205035,4882,,0
109,SPRING,WA,7276003,814,,13,,0,,470,0,,120,,0,,,,,,15418,15418,328,0,,,,,,0,225299,5695,225299,5695,,,,,209827,4792,,0
110,SPRING,WA,7259514,824,,10,,0,,428,0,,117,,0,,,,,,15665,15665,247,0,,,,,,0,228003,2704,228003,2704,,,,,212146,2319,,0
111,SPRING,WA,7242701,830,,6,,0,,411,0,,120,,0,,,,,,15983,15983,318,0,,,,,,0,229800,1797,229800,1797,,,,,213630,1484,,0
112,SPRING,WA,7225771,834,834,4,,0,,263,0,,86,,0,,,,,,16096,16096,113,0,,,,,,0,236165,6365,236165,6365,,,,,219140,5510,,0
113,SPRING,WA,7208749,841,841,7,,0,,292,0,,102,,0,,,,,,16181,16181,85,0,,,,,,0,242290,6125,242290,6125,,,,,224209,5069,,0
114,SPRING,WA,7191318,862,862,21,,0,,390,0,,127,,0,,,,,,16569,16569,388,0,,,,,,0,248702,6412,248702,6412,,,,,229508,5299,,0
115,SPRING,WA,7173620,870,870,8,,0,,358,0,,144,,0,,,,,,16828,16828,259,0,,,,,,0,254216,5514,254216,5514,,,,,234092,4584,,0
116,SPRING,WA,7155612,891,891,21,,0,,393,0,,122,,0,,,,,,17117,17117,289,0,,,,,,0,260312,6096,260312,6096,,,,,239267,5175,,0
117,SPRING,WA,7137324,905,905,14,,0,,393,0,,128,,0,,,,,,17383,17383,266,0,,,,,,0,262820,2508,262820,2508,,,,,241361,2094,,0
118,SPRING,WA,7118766,921,921,16,,0,,335,0,,101,,0,,,,,,17637,17637,254,0,,,,,,0,264596,1776,264596,1776,,,,,242722,1361,,0
119,SPRING,WA,7100072,931,931,10,,0,,350,0,,110,,0,,,,,,17763,17763,126,0,,,,,,0,270794,6198,270794,6198,,,,,247565,4843,,0
120,SPRING,WA,7081303,945,945,14,,0,,321,0,,94,,0,,,,,,17824,17824,61,0,,,,,,0,276900,6106,276900,6106,,,,,252541,4976,,0
121,SPRING,WA,7062223,962,962,17,,0,,562,0,,114,,0,,,,,,18118,18118,294,0,,,,,,0,283044,6144,283044,6144,,,,,257288,4747,,0
122,SPRING,WA,7042879,975,975,13,,0,,645,0,,111,,0,,,,,,18369,18369,251,0,,,,,,0,289417,6373,289417,6373,,,,,262293,5005,,0
123,SPRING,WA,7023215,983,983,8,,0,,626,0,,114,,0,,,,,,18681,18681,312,0,,,,,,0,295958,6541,295958,6541,,,,,267697,5404,,0
124,SPRING,WA,7003271,992,992,9,,0,,663,0,,90,,0,,,,,,18952,18952,271,0,,,,,,0,299456,3498,299456,3498,,,,,270526,2829,,0
125,SPRING,WA,6983037,1000,1000,8,,0,,581,0,,52,,0,,,,,,19234,19234,282,0,,,,,,0,301924,2468,301924,2468,,,,,272496,1970,,0
126,SPRING,WA,6962684,1001,1001,1,,0,,558,0,,52,,0,,,,,,19352,19352,118,0,,,,,,0,310386,8462,310386,8462,,,,,279478,6982,,0
127,SPRING,WA,6942266,1002,1002,1,,0,,539,0,,52,,0,,,,,,19416,19416,64,0,,,,,,0,319019,8633,319019,8633,,,,,286574,7096,,0
128,SPRING,WA,6921500,1031,1031,29,,0,,504,0,,52,,0,,,,,,19735,19735,319,0,,,,,,0,326079,7060,326079,7060,,,,,292212,5638,,0
129,SPRING,WA,6900429,1037,1037,6,,3125,3125,518,3125,,,,0,,,,,70,20034,20034,299,0,,,,,,0,331812,5733,331812,5733,,,,,296884,4672,,0
130,SPRING,WA,6879083,1044,1044,7,,3156,3156,572,31,,,,0,,,,,85,20302,20302,268,0,,,,,,0,337656,5844,337656,5844,,,,,301452,4568,,0
131,SPRING,WA,6857434,1050,1050,6,,3230,3230,553,74,,,,0,,,,,96,20599,20599,297,0,,,,,,0,341006,3350,341006,3350,,,,,304123,2671,,0
132,SPRING,WA,6835467,1055,1055,5,,3256,3256,560,26,,,,0,,,,,74,20912,20912,313,0,,,,,,0,343829,2823,343829,2823,,,,,306465,2342,,0
133,SPRING,WA,6813343,1061,1061,6,,3287,3287,536,31,,,,0,,,,,47,21063,21063,151,0,,,,,,0,347132,3303,347132,3303,,,,,308948,2483,,0
134,SPRING,WA,6791108,1070,1070,9,,3290,3290,509,3,,,,0,,,,,51,21165,21165,102,0,,,,,,0,355902,8770,355902,8770,,,,,315843,6895,,0
135,SPRING,WA,6768716,1078,1078,8,,3338,3338,521,48,,,,0,,,,,53,21314,21314,149,0,,,,,,0,363211,7309,363211,7309,,,,,321586,5743,,0
136,SPRING,WA,6745907,1095,1095,17,,3394,3394,524,56,,,,0,,,,,94,21714,21714,400,0,,,,,,0,370033,6822,370033,6822,,,,,326818,5232,,0
137,SPRING,WA,6722736,1106,1106,11,,3413,3413,547,19,,,,0,,,,,85,22065,22065,351,0,,,,,,0,376873,6840,376873,6840,,,,,332210,5392,,0
138,SPRING,WA,6699258,1111,1111,5,,3455,3455,541,42,,,,0,,,,,88,22367,22367,302,0,,,,,,0,380960,4087,380960,4087,,,,,335508,3298,,0
139,SPRING,WA,6675429,1118,1118,7,,3480,3480,536,25,,,,0,,,,,67,22711,22711,344,0,,,,,,0,383882,2922,383882,2922,,,,,337852,2344,,0
140,SUMMER,WA,6651451,1118,1118,0,,3501,3501,497,21,,,,0,,,,,52,22860,22860,149,0,,,,,,0,391905,8023,391905,8023,,,,,344050,6198,,0
141,SUMMER,WA,6627367,1124,1124,6,,3517,3517,473,16,,,,0,,,,,48,22960,22960,100,0,,,,,,0,400375,8470,400375,8470,,,,,350457,6407,,0
142,SUMMER,WA,6602868,1129,1129,5,,3543,3543,474,26,,,,0,,,,,89,23370,23370,410,0,,,,,,0,407704,7329,407704,7329,,,,,355785,5328,,0
143,SUMMER,WA,6577946,1135,1135,6,,3578,3578,484,35,,,,0,,,,,94,23787,23787,417,0,,,,,,0,414081,6377,414081,6377,,,,,360374,4589,,0
144,SUMMER,WA,6552639,1138,1138,3,,3615,3615,519,37,,,,0,,,,,91,24169,24169,382,0,,,,,,0,422150,8069,422150,8069,,,,,366633,6259,,0
145,SUMMER,WA,6526994,1149,1149,11,,3639,3639,479,24,,,,0,,,,,86,24496,24496,327,0,,,,,,0,426922,4772,426922,4772,,,,,370382,3749,,0
146,SUMMER,WA,6500952,1153,1153,4,,3652,3652,446,13,,,,0,,,,,57,24889,24889,393,0,,,,,,0,430047,3125,430047,3125,,,,,372754,2372,,0
147,SUMMER,WA,6474741,1159,1159,6,,3669,3669,350,17,,,,0,,,,,66,25052,25052,163,0,,,,,,0,440607,10560,440607,10560,,,,,381030,8276,,0
148,SUMMER,WA,6448418,1161,1161,2,,3699,3699,372,30,,,,0,,,,,60,25162,25162,110,0,,,,,,0,452358,11751,452358,11751,,,,,390815,9785,,0
149,SUMMER,WA,6421570,1176,1176,15,,3747,3747,350,48,,,,0,,,,,92,25672,25672,510,0,,,,,,0,464779,12421,464779,12421,,,,,402370,11555,,0
150,SUMMER,WA,6394299,1190,1190,14,,3773,3773,384,26,,,,0,,,,,63,26081,26081,409,0,,,,,,0,476749,11970,476749,11970,,,,,413579,11209,,0
151,SUMMER,WA,6366653,1194,1194,4,,3772,3772,386,-1,,,,0,,,,,8,26452,26452,371,0,,,,,,0,486386,9637,486386,9637,,,,,422770,9191,,0
152,SUMMER,WA,6338597,1204,1204,10,,3817,3817,372,45,,,,0,,,,,43,26852,26852,400,0,,,,,,0,492809,6423,492809,6423,,,,,428859,6089,,0
153,SUMMER,WA,6310142,1213,1213,9,,3845,3845,350,28,,,,0,,,,,49,27242,27242,390,0,,,,,,0,496902,4093,496902,4093,,,,,432619,3760,,0
154,SUMMER,WA,6281490,1217,1217,4,,3856,3856,357,11,,,,0,,,,,41,27435,27435,193,0,,,,,,0,508785,11883,508785,11883,,,,,443294,10675,,0
155,SUMMER,WA,6252698,1221,1221,4,,3894,3894,342,38,,,,0,,,,,38,27571,27571,136,0,,,,,,0,521345,12560,521345,12560,,,,,454236,10942,,0
156,SUMMER,WA,6223376,1231,1231,10,,3915,3915,359,21,,,,0,,,,,47,28091,28091,520,0,,,,,,0,532140,10795,532140,10795,,,,,463149,8913,,0
157,SUMMER,WA,6193565,1226,1226,-5,,3938,3938,373,23,,,,0,,,,,47,28585,28585,494,0,,,,,,0,541935,9795,541935,9795,,,,,469768,6619,,0
158,SUMMER,WA,6163275,1245,1245,19,,3959,3959,396,21,,,,0,,,,,47,29045,29045,460,0,,,,,,0,551941,10006,551941,10006,,,,,474187,4419,,0
159,SUMMER,WA,6132433,1255,1255,10,,4003,4003,359,44,,,,0,,,,,49,29587,29587,542,0,,,,,,0,559013,7072,559013,7072,,,,,474876,689,,0
160,SUMMER,WA,6101060,1265,1265,10,,4030,4030,371,27,,,,0,,,,,54,30108,30108,521,0,,,,,,0,562810,3797,562810,3797,,,,,466069,-8807,,0
161,SUMMER,WA,6069367,1270,1270,5,,4049,4049,362,19,,,,0,,,,,42,30423,30423,315,0,,,,,,0,576444,13634,576444,13634,,,,,474938,8869,,0
162,SUMMER,WA,6037477,1276,1276,6,,4062,4062,372,13,,,,0,,,,,37,30614,30614,191,0,,,,,,0,589542,13098,589542,13098,,,,,477204,2266,,0
163,SUMMER,WA,6004855,1284,1284,8,,4067,4067,386,5,,,,0,,,,,44,31338,31338,724,0,,,,,,0,604087,14545,604087,14545,,,,,487059,9855,,0
164,SUMMER,WA,5971604,1293,1293,9,,4093,4093,402,26,,,,0,,,,,56,31958,31956,620,0,,,,,,0,617320,13233,617320,13233,,,,,495498,8439,,0
165,SUMMER,WA,5937670,1300,1300,7,,4106,4106,372,13,,,,0,,,,,49,32634,32632,676,0,,,,,,0,630907,13587,630907,13587,,,,,505795,10297,,0
166,SUMMER,WA,5903071,1304,1304,4,,4194,4194,386,88,,,,0,,,,,50,33295,33292,661,0,,,,,,0,639585,8678,639585,8678,,,,,514428,8633,,0
167,SUMMER,WA,5867840,1310,1310,6,,4240,4240,400,46,,,,0,,,,,58,33921,33916,626,0,,,,,,0,644439,4854,644439,4854,,,,,525802,11374,,0
168,SUMMER,WA,5832116,1310,1310,0,,4275,4275,387,35,,,,0,,,,,52,34414,34409,493,0,,,,,,0,662055,17616,662055,17616,,,,,534443,8641,,0
169,SUMMER,WA,5796116,1320,1320,10,,4323,4323,395,48,,,,0,,,,,50,34680,34675,266,0,,,,,,0,679784,17729,679784,17729,,,,,548220,13777,,0
170,SUMMER,WA,5759115,1332,1332,12,,4361,4361,427,38,,,,0,,,,,50,35669,35664,989,0,,,,,,0,695932,16148,695932,16148,,,,,557275,9055,,0
171,SUMMER,WA,5721187,1339,1339,7,,4402,4402,430,41,,,,0,,,,,57,36589,36582,920,0,,,,,,0,710743,14811,710743,14811,,,,,571964,14689,,0
172,SUMMER,WA,5682372,1342,1342,3,,4442,4442,460,40,,,,0,,,,,62,37473,37466,884,0,,,,,,0,720812,10069,720812,10069,,,,,584989,13025,,0
173,SUMMER,WA,5642659,1352,1352,10,,4463,4463,446,21,,,,0,,,,,58,38361,38354,888,0,,,,,,0,725446,4634,725446,4634,,,,,599975,14986,,0
174,SUMMER,WA,5602491,1354,1354,2,,4473,4473,412,10,,,,0,,,,,56,38814,38807,453,0,,,,,,0,730249,4803,730249,4803,,,,,607276,7301,,0
175,SUMMER,WA,5562077,1359,1359,5,,4482,4482,398,9,,,,0,,,,,39,39055,39048,241,0,,,,,,0,747998,17749,747998,17749,,,,,612706,5430,,0
176,SUMMER,WA,5521351,1370,1370,11,,4544,4544,407,62,,,,0,,,,,37,39356,39349,301,0,,,,,,0,765654,17656,765654,17656,,,,,629256,16550,,0
177,SUMMER,WA,5479626,1384,1384,14,,4582,4582,425,38,,,,0,,,,,52,40341,40332,985,0,,,,,,0,781051,15397,781051,15397,,,,,635524,6268,,0
178,SUMMER,WA,5436829,1394,1394,10,,4630,4630,468,48,,,,0,,,,,59,41403,41394,1062,0,,,,,,0,793550,12499,793550,12499,,,,,645072,9548,,0
179,SUMMER,WA,5393045,1409,1409,15,,4665,4665,460,35,,,,0,,,,,60,42375,42364,972,0,,,,,,0,807777,14227,807777,14227,,,,,660330,15258,,0
180,SUMMER,WA,5348380,1424,1424,15,,4662,4662,447,-3,,,,0,,,,,57,43241,43226,866,0,,,,,,0,818120,10343,818120,10343,,,,,668466,8136,,0
181,SUMMER,WA,5302865,1424,1424,0,,4662,4662,447,0,,,,0,,,,,57,44091,44074,850,0,,,,,,0,823502,5382,823502,5382,,,,,668466,0,,0
182,SUMMER,WA,5256794,1438,1438,14,,4751,4751,443,89,,,,0,,,,,35,44633,44616,542,0,,,,,,0,842062,18560,842062,18560,,,,,686005,17539,,0
183,SUMMER,WA,5210418,1399,1399,-39,,4778,4778,445,27,,,,0,,,,,39,44977,44960,344,0,,,,,,0,859975,17913,859975,17913,,,,,708274,22269,,0
184,SUMMER,WA,5162944,1404,1404,5,,4788,4788,497,10,,,,0,,,,,55,46070,46048,1093,0,,,,,,0,876825,16850,876825,16850,,,,,718234,9960,,0
185,SUMMER,WA,5114484,1421,1421,17,,4829,4829,527,41,,,,0,,,,,53,47039,47016,969,0,,,,,,0,892236,15411,892236,15411,,,,,733886,15652,,0
186,SUMMER,WA,5065018,1427,1427,6,,4944,4944,536,115,,,,0,,,,,45,48039,47998,1000,0,,,,,,0,908633,16397,908633,16397,,,,,753174,19288,,0
187,SUMMER,WA,5014684,1434,1434,7,,4984,4984,524,40,,,,0,,,,,46,48900,48849,861,0,,,,,,0,918320,9687,918320,9687,,,,,767657,14483,,0
188,SUMMER,WA,4963432,1444,1444,10,,5033,5033,534,49,,,,0,,,,,62,49808,49743,908,0,,,,,,0,923531,5211,923531,5211,,,,,791786,24129,,0
189,SUMMER,WA,4911642,1447,1447,3,,5063,5063,511,30,,,,0,,,,,42,50343,50278,535,0,,,,,,0,941258,17727,941258,17727,,,,,809339,17553,,0
190,SUMMER,WA,4859503,1453,1453,6,,5102,5102,494,39,,,,0,,,,,43,50686,50620,343,0,,,,,,0,958315,17057,958315,17057,,,,,826354,17015,,0
191,SUMMER,WA,4806352,1465,1465,12,,5161,5161,546,59,,,,0,,,,,51,51686,51617,1000,0,,,,,,0,974082,15767,974082,15767,,,,,841184,14830,,0
192,SUMMER,WA,4752102,1468,1468,3,,5211,5211,527,50,,,,0,,,,,55,52782,52706,1096,0,,,,,,0,988535,14453,988535,14453,,,,,855152,13968,,0
193,SUMMER,WA,4696811,1482,1482,14,,5276,5276,517,65,,,,0,,,,,47,53809,53726,1027,0,,,,,,0,1003710,15175,1003710,15175,,,,,870763,15611,,0
194,SUMMER,WA,4640600,1495,1495,13,,5301,5301,520,25,,,,0,,,,,52,54716,54608,907,0,,,,,,0,1013279,9569,1013279,9569,,,,,883982,13219,,0
195,SUMMER,WA,4583580,1494,1494,-1,,5341,5341,494,40,,,,0,,,,,51,55526,55408,810,0,,,,,,0,1018223,4944,1018223,4944,,,,,903674,19692,,0
196,SUMMER,WA,4526078,1501,1501,7,,5374,5374,481,33,,,,0,,,,,42,56001,55882,475,0,,,,,,0,1035519,17296,1035519,17296,,,,,919347,15673,,0
197,SUMMER,WA,4468222,1518,1518,17,,5397,5397,478,23,,,,0,,,,,49,56338,56217,337,0,,,,,,0,1051622,16103,1051622,16103,,,,,933304,13957,,0
198,SUMMER,WA,4409335,1548,1548,30,,5474,5474,509,77,,,,0,,,,,48,57339,57202,1001,0,,,,,,0,1066898,15276,1066898,15276,,,,,945234,11930,,0
199,SUMMER,WA,4349482,1555,1555,7,,5476,5476,530,2,,,,0,,,,,57,58298,58149,959,0,,,,,,0,1081486,14588,1081486,14588,,,,,958307,13073,,0
200,SUMMER,WA,4288722,1564,1564,9,,5568,5568,526,92,,,,0,,,,,56,59196,59029,898,0,,,,,,0,1096302,14816,1096302,14816,,,,,973654,15347,,0
201,SUMMER,WA,4227211,1564,1564,0,,5568,5568,532,0,,,,0,,,,,56,59947,59771,751,0,,,,,,0,1105298,8996,1105298,8996,,,,,973654,0,,0
202,SUMMER,WA,4164961,1592,1592,28,,5655,5655,530,87,,,,0,,,,,57,60658,60456,711,0,,,,,,0,1110085,4787,1110085,4787,,,,,1001528,27874,,0
203,SUMMER,WA,4102291,1596,1596,4,,5692,5692,512,37,,,,0,,,,,51,61074,60870,416,0,,,,,,0,1127619,17534,1127619,17534,,,,,1008280,6752,,0
204,SUMMER,WA,4039379,1600,1600,4,,5744,5744,518,52,,,,0,,,,,52,61312,61107,238,0,,,,,,0,1143993,16374,1143993,16374,,,,,1008822,542,,0
205,SUMMER,WA,3975577,1619,1619,19,,5779,5779,525,35,,,,0,,,,,47,62183,61960,871,0,,,,,,0,1159061,15068,1159061,15068,,,,,1009486,664,,0
206,SUMMER,WA,3910898,1624,1624,5,,5840,5840,518,61,,,,0,,,,,58,63055,62811,872,0,,,,,,0,1173650,14589,1173650,14589,,,,,,-1009486,,0
207,SUMMER,WA,3845422,1653,1653,29,,5874,5874,505,34,,,,0,,,,,50,63823,63567,768,0,,,,,,0,1188665,15015,1188665,15015,,,,,,0,,0
208,SUMMER,WA,3779195,1672,1672,19,,5890,5890,551,16,,,,0,,,,,56,64555,64287,732,0,,,,,,0,1198007,9342,1198007,9342,,,,,,0,,0
209,SUMMER,WA,3712278,1688,1688,16,,5896,5896,531,6,,,,0,,,,,60,65229,64948,674,0,,,,,,0,1202997,4990,1202997,4990,,,,,,0,,0
210,SUMMER,WA,3644997,1688,1688,0,,6001,6001,532,105,,,,0,,,,,49,65593,65307,364,0,,,,,,0,1221951,18954,1221951,18954,,,,,,0,,0
211,SUMMER,WA,3577494,1697,1697,9,,6049,6049,495,48,,,,0,,,,,35,65806,65516,213,0,,,,,,0,1237902,15951,1237902,15951,,,,,,0,,0
212,SUMMER,WA,3509148,1716,1716,19,,6102,6102,480,53,,,,0,,,,,59,66630,66330,824,0,,,,,,0,1254514,16612,1254514,16612,,,,,,0,,0
213,SUMMER,WA,3440069,1724,1724,8,,6137,6137,513,35,,,,0,,,,,40,67355,67036,725,0,,,,,,0,1269631,15117,1269631,15117,,,,,,0,,0
214,SUMMER,WA,3370346,1736,1736,12,,6182,6182,519,45,,,,0,,,,,58,67987,67647,632,0,,,,,,0,1284141,14510,1284141,14510,,,,,,0,,0
215,SUMMER,WA,3299976,1755,1755,19,,6206,6206,529,24,,,,0,,,,,58,68615,68263,628,0,,,,,,0,1292977,8836,1292977,8836,,,,,,0,,0
216,SUMMER,WA,3228922,1766,1766,11,,6230,6230,504,24,,,,0,,,,,55,69288,68911,673,0,,,,,,0,1297928,4951,1297928,4951,,,,,,0,,0
217,SUMMER,WA,3157494,1781,1781,15,,6255,6255,487,25,,,,0,,,,,43,69647,69266,359,0,,,,,,0,1314115,16187,1314115,16187,,,,,,0,,0
218,SUMMER,WA,3085898,1785,1785,4,,6296,6296,475,41,,,,0,,,,,39,69811,69429,164,0,,,,,,0,1329216,15101,1329216,15101,,,,,,0,,0
219,SUMMER,WA,3013608,1809,1809,24,,6358,6358,481,62,,,,0,,,,,43,70481,70088,670,0,,,,,,0,1344043,14827,1344043,14827,,,,,,0,,0
220,SUMMER,WA,2940681,1822,1822,13,,6388,6388,498,30,,,,0,,,,,44,71105,70699,624,0,,,,,,0,1356868,12825,1356868,12825,,,,,,0,,0
221,SUMMER,WA,2867111,1837,1837,15,,6400,6400,481,12,,,,0,,,,,48,71733,71302,628,0,,,,,,0,1369264,12396,1369264,12396,,,,,,0,,0
222,SUMMER,WA,2793019,1850,1850,13,,6469,6469,469,69,,,,0,,,,,45,72242,71780,509,0,,,,,,0,1376533,7269,1376533,7269,,,,,,0,,0
223,SUMMER,WA,2718369,1857,1857,7,,6500,6500,455,31,,,,0,,,,,42,72793,72306,551,0,,,,,,0,1379036,2503,1379036,2503,,,,,,0,,0
224,SUMMER,WA,2643439,1863,1863,6,,6530,6530,454,30,,,,0,,,,,36,73067,72579,274,0,,,,,,0,1380050,1014,1380050,1014,,,,,,0,,0
225,SUMMER,WA,2568288,1867,1867,4,,6542,6542,421,12,,,,0,,,,,37,73284,72794,217,0,,,,,,0,1380050,0,1380050,0,,,,,,0,,0
226,SUMMER,WA,2492496,1876,1876,9,,6595,6595,441,53,,,,0,,,,,47,73916,73414,632,0,,,,,,0,1380104,54,1380104,54,,,,,,0,,0
227,SUMMER,WA,2416091,1880,1880,4,,6640,6640,459,45,,,,0,,,,,37,74525,73989,609,0,,,,,,0,1391309,11205,1391309,11205,,,,,,0,,0
228,SUMMER,WA,2339078,1890,1890,10,,6674,6674,443,34,,,,0,,,,,45,75123,74555,598,0,,,,,,0,1408164,16855,1408164,16855,,,,,,0,,0
229,SUMMER,WA,2261517,1905,1905,15,,6679,6679,425,5,,,,0,,,,,46,75656,75042,533,0,,,,,,0,1423771,15607,1423771,15607,,,,,,0,,0
230,SUMMER,WA,2183457,1905,1905,0,,6740,6740,415,61,,,,0,,,,,51,76155,75490,499,0,,,,,,0,1461354,37583,1461354,37583,,,,,,0,,0
231,SUMMER,WA,2105072,1905,1905,0,,6740,6740,411,0,,,,0,,,,,51,76480,75809,325,0,,,,,,0,1461354,0,1461354,0,,,,,,0,,0
232,FALL,WA,2026515,1915,1915,10,,6763,6763,392,23,,,,0,,,,,49,76642,75966,162,0,,,,,,0,1473245,11891,1473245,11891,,,,,,0,,0
233,FALL,WA,1947346,1931,1931,16,,6787,6787,416,24,,,,0,,,,,48,77238,76522,596,0,,,,,,0,1480039,6794,1480039,6794,,,,,,0,,0
234,FALL,WA,1867624,1935,1935,4,,6795,6795,408,8,,,,0,,,,,65,77787,77041,549,0,,,,,,0,1496353,16314,1496353,16314,,,,,,0,,0
235,FALL,WA,1787364,1945,1945,10,,6834,6834,399,39,,,,0,,,,,50,78315,77523,528,0,,,,,,0,1518089,21736,1518089,21736,,,,,,0,,0
236,FALL,WA,1706569,1953,1953,8,,6848,6848,417,14,,,,0,,,,,48,78842,78034,527,0,,,,,,0,1534090,16001,1534090,16001,,,,,,0,,0
237,FALL,WA,1625267,1953,1953,0,,6842,6842,403,-6,,,,0,,,,,34,79349,78503,507,0,,,,,,0,1550477,16387,1550477,16387,,,,,,0,,0
238,FALL,WA,1543661,1953,1953,0,,6860,6860,384,18,,,,0,,,,,37,79653,78795,304,0,,,,,,0,1563053,12576,1563053,12576,,,,,,0,,0
239,FALL,WA,1461892,1953,1953,0,,6913,6913,376,53,,,,0,,,,,40,79816,78949,163,0,,,,,,0,1563053,0,1563053,0,,,,,,0,,0
240,FALL,WA,1379879,1978,1978,25,,6966,6966,358,53,,,,0,,,,,34,80035,79157,219,0,,,,,,0,1583903,20850,1583903,20850,,,,,,0,,0
241,FALL,WA,1297295,1985,1985,7,,6993,6993,382,27,,,,0,,,,,29,80599,79694,564,0,,,,,,0,1597987,14084,1597987,14084,,,,,,0,,0
242,FALL,WA,1214169,1991,1991,6,,7018,7018,392,25,,,,0,,,,,19,81135,80197,536,0,,,,,,0,1614748,16761,1614748,16761,,,,,,0,,0
243,FALL,WA,1130568,1991,1991,0,,7048,7048,384,30,,,,0,,,,,19,81610,80649,475,0,,,,,,0,1631162,16414,1631162,16414,,,,,,0,,0
244,FALL,WA,1046489,1991,1991,0,,7081,7081,371,33,,,,0,,,,,29,82088,81096,478,0,,,,,,0,1644585,13423,1644585,13423,,,,,,0,,0
245,FALL,WA,962156,2006,2006,15,,7098,7098,385,17,,,,0,,,,,26,82327,81327,239,0,,,,,,0,1653967,9382,1653967,9382,,,,,,0,,0
246,FALL,WA,877676,2015,2015,9,,7127,7127,348,29,,,,0,,,,,28,82465,81464,138,0,,,,,,0,1665715,11748,1665715,11748,,,,,,0,,0
247,FALL,WA,792680,2020,2020,5,,7162,7162,357,35,,,,0,,,,,29,82976,81937,511,0,,,,,,0,1676702,10987,1676702,10987,,,,,,0,,0
248,FALL,WA,707191,2031,2031,11,,7196,7196,380,34,,,,0,,,,,36,83458,82396,482,0,,,,,,0,1691047,14345,1691047,14345,,,,,,0,,0
249,FALL,WA,621225,2037,2037,6,,7215,7215,379,19,,,,0,,,,,34,83929,82847,471,0,,,,,,0,1704670,13623,1704670,13623,,,,,,0,,0
250,FALL,WA,534781,2037,2037,0,,7215,7215,395,0,,93,,0,,,,,34,84407,83299,478,0,,,,,,0,1704670,0,1704670,0,,,,,,0,,0
251,FALL,WA,447802,2037,2037,0,,7248,7248,380,33,,85,,0,,,,,26,84942,83816,535,0,,,,,,0,1723040,18370,1723040,18370,,,,,,0,,0
252,FALL,WA,360500,2037,2037,0,,7262,7262,377,14,,69,,0,,,,,21,85265,84133,323,0,,,,,,0,1736556,13516,1736556,13516,,,,,,0,,0
253,FALL,WA,272969,2070,2070,33,,7314,7314,487,52,,85,,0,,,,,32,85461,84325,196,0,,,,,,0,1740899,4343,1740899,4343,,,,,,0,,0
254,FALL,WA,184769,2070,2070,0,,7314,7314,361,0,,90,,0,,,,,32,86130,84971,669,0,,,,,,0,1740899,0,1740899,0,,,,,,0,,0
255,FALL,WA,95959,2081,2081,11,,7349,7349,384,35,,101,,0,,,,,27,86729,85540,599,0,,,,,,0,1743296,2397,1743296,2397,,,,,,0,,0
256,FALL,WA,6555,2080,2080,-1,,7357,7357,401,8,,87,,0,,,,,27,87324,86108,595,0,,,,,,0,1783279,39983,1783279,39983,,,,,,0,,0
257,FALL,WA,-83457,2100,2100,20,,7412,7412,383,55,,86,,0,,,,,28,87912,86666,588,0,,,,,,0,1801021,17742,1801021,17742,,,,,,0,,0
258,FALL,WA,-173990,2100,2100,0,,7431,7431,395,19,,90,,0,,,,,31,88433,87171,521,0,,,,,,0,1820623,19602,1820623,19602,,,,,,0,,0
259,FALL,WA,-264851,2100,2100,0,,7455,7455,355,24,,71,,0,,,,,25,88761,87487,328,0,,,,,,0,1837206,16583,1837206,16583,,,,,,0,,0
260,FALL,WA,-355912,2100,2100,0,,7477,7477,362,22,,75,,0,,,,,43,88961,87686,200,0,,,,,,0,1848463,11257,1848463,11257,,,,,,0,,0
261,FALL,WA,-447775,2124,2124,24,,7483,7483,384,6,,91,,0,,,,,26,89739,88438,778,0,,,,,,0,1854399,5936,1854399,5936,,,,,,0,,0
262,FALL,WA,-540273,2126,2126,2,,7533,7533,410,50,,90,,0,,,,,32,90372,89047,633,0,,,,,,0,1868089,13690,1868089,13690,,,,,,0,,0
263,FALL,WA,-633395,2132,2132,6,,7573,7573,371,40,,88,,0,,,,,33,90990,89635,618,0,,,,,,0,1884074,15985,1884074,15985,,,,,,0,,0
264,FALL,WA,-727108,2143,2143,11,,7586,7586,361,13,,77,,0,,,,,40,91570,90186,580,0,,,,,,0,1905759,21685,1905759,21685,,,,,,0,,0
265,FALL,WA,-821448,2142,2142,-1,,7611,7611,370,25,,82,,0,,,,,26,92198,90786,628,0,,,,,,0,1922956,17197,1922956,17197,,,,,,0,,0
266,FALL,WA,-916191,2142,2142,0,,7628,7628,367,17,,78,,0,,,,,29,92601,91178,403,0,,,,,,0,1935899,12943,1935899,12943,,,,,,0,,0
267,FALL,WA,-1011202,2158,2158,16,,7622,7622,347,-6,,64,,0,,,,,31,92853,91424,252,0,,,,,,0,1951407,15508,1951407,15508,,,,,,0,,0
268,FALL,WA,-1107126,2165,2165,7,,7673,7673,355,51,,68,,0,,,,,31,93759,92284,906,0,,,,,,0,1961067,9660,1961067,9660,,,,,,0,,0
269,FALL,WA,-1203785,2177,2177,12,,7703,7703,383,30,,73,,0,,,,,30,94482,92976,723,0,,,,,,0,1987477,26410,1987477,26410,,,,,,0,,0
270,FALL,WA,-1301173,2183,2183,6,,7733,7733,357,30,,72,,0,,,,,29,95205,93670,723,0,,,,,,0,2016471,28994,2016471,28994,,,,,,0,,0
271,FALL,WA,-1399294,2190,2190,7,,7762,7762,364,29,,69,,0,,,,,30,95931,94360,726,0,,,,,,0,2037946,21475,2037946,21475,,,,,,0,,0
272,FALL,WA,-1498116,2190,2190,0,,7786,7786,373,24,,70,,0,,,,,27,96632,95027,701,0,,,,,,0,2061438,23492,2061438,23492,,,,,,0,,0
273,FALL,WA,-1597321,2190,2190,0,,7786,7786,352,0,,59,,0,,,,,27,97015,95402,383,0,,,,,,0,2061438,0,2061438,0,,,,,,0,,0
274,FALL,WA,-1696800,2211,2190,21,,7874,7874,376,88,,76,,0,,,,,26,97268,95649,253,0,,,,,,0,2123908,62470,2123908,62470,,,,,,0,,0
275,FALL,WA,-1797146,2211,2211,0,,7874,7874,367,0,,83,,0,,,,,26,98135,96485,867,0,,,,,,0,2123908,0,2123908,0,,,,,,0,,0
276,FALL,WA,-1898270,2221,2221,10,,7883,7883,373,9,,82,,0,,,,,25,98903,97214,768,0,,,,,,0,2146509,22601,2146509,22601,,,,,,0,,0
277,FALL,WA,-2000176,2232,2232,11,,7956,7956,376,73,,77,,0,,,,,18,99674,97960,771,0,,,,,,0,2169192,22683,2169192,22683,,,,,,0,,0
278,FALL,WA,-2102859,2239,2239,7,,7971,7971,396,15,,82,,0,,,,,27,100444,98704,770,0,,,,,,0,2194254,25062,2194254,25062,,,,,,0,,0
279,FALL,WA,-2206206,2239,2239,0,,7994,7994,376,23,,91,,0,,,,,26,101108,99334,664,0,,,,,,0,2214560,20306,2214560,20306,,,,,,0,,0
280,FALL,WA,-2309962,2239,2239,0,,8018,8018,388,24,,72,,0,,,,,26,101517,99734,409,0,,,,,,0,2230785,16225,2230785,16225,,,,,,0,,0
281,FALL,WA,-2414035,2258,2258,19,,8077,8077,392,59,,82,,0,,,,,36,101815,100029,298,0,,,,,,0,2244336,13551,2244336,13551,,,,,,0,,0
282,FALL,WA,-2519045,2282,2282,24,,8124,8124,414,47,,109,,0,,,,,43,102728,100906,913,0,,,,,,0,2252788,8452,2252788,8452,,,,,,0,,0
283,FALL,WA,-2624977,2286,2286,4,,8149,8149,407,25,,92,,0,,,,,43,103646,101792,918,0,,,,,,0,2276453,23665,2276453,23665,,,,,,0,,0
284,FALL,WA,-2731697,2289,2289,3,,8183,8183,437,34,,103,,0,,,,,49,104431,102550,785,0,,,,,,0,2296275,19822,2296275,19822,,,,,,0,,0
285,FALL,WA,-2839273,2296,2296,7,,8231,8231,412,48,,114,,0,,,,,48,105280,103363,849,0,,,,,,0,2318931,22656,2318931,22656,,,,,,0,,0
286,FALL,WA,-2947684,2296,2296,0,,8280,8280,405,49,,101,,0,,,,,43,106115,104151,835,0,,,,,,0,2360387,41456,2360387,41456,,,,,,0,,0
287,FALL,WA,-3056684,2296,2296,0,,8280,8280,389,0,,100,,0,,,,,43,106704,104735,589,0,,,,,,0,2360387,0,2360387,0,,,,,,0,,0
288,FALL,WA,-3166057,2321,2321,25,,8322,8322,422,42,,88,,0,,,,,37,107052,105066,348,0,,,,,,0,2372596,12209,2372596,12209,,,,,,0,,0
289,FALL,WA,-3276579,2337,2337,16,,8358,8358,417,36,,100,,0,,,,,44,108185,106157,1133,0,,,,,,0,2362595,-10001,2362595,-10001,,,,,,0,,0
290,FALL,WA,-3388192,2353,2353,16,,8383,8383,426,25,,112,,0,,,,,40,109260,107192,1075,0,,,,,,0,2383332,20737,2383332,20737,,,,,,0,,0
291,FALL,WA,-3500913,2359,2359,6,,8467,8467,433,84,,112,,0,,,,,46,110362,108251,1102,0,,,,,,0,2405352,22020,2405352,22020,,,,,,0,,0
292,FALL,WA,-3614886,2366,2366,7,,8522,8522,450,55,,114,,0,,,,,52,111607,109457,1245,0,,,,,,0,2426385,21033,2426385,21033,,,,,,0,,0
293,FALL,WA,-3730006,2366,2366,0,,8571,8571,470,49,,112,,0,,,,,47,112754,110553,1147,0,,,,,,0,2450122,23737,2450122,23737,,,,,,0,,0
294,FALL,WA,-3845913,2366,2366,0,,8611,8611,464,40,,103,,0,,,,,47,113541,111316,787,0,,,,,,0,2469146,19024,2469146,19024,,,,,,0,,0
295,FALL,WA,-3962375,2378,2378,12,,8634,8634,471,23,,124,,0,,,,,48,114084,111856,543,0,,,,,,0,2470185,1039,2470185,1039,,,,,,0,,0
296,FALL,WA,-4080565,2400,2400,22,,8675,8675,480,41,,131,,0,,,,,58,115790,113482,1706,0,,,,,,0,2495151,24966,2495151,24966,,,,,,0,,0
297,FALL,WA,-4200366,2416,2416,16,,8735,8735,476,60,,128,,0,,,,,62,117385,114990,1595,0,,,,,,0,2519494,24343,2519494,24343,,,,,,0,,0
298,FALL,WA,-4322054,2431,2431,15,,8784,8784,492,49,,128,,0,,,,,48,119257,116779,1872,0,,,,,,0,2541074,21580,2541074,21580,,,,,,0,,0
299,FALL,WA,-4445874,2439,2439,8,,8791,8791,510,7,,133,,0,,,,,61,121381,118811,2124,0,,,,,,0,2568257,27183,2568257,27183,,,,,,0,,0
300,FALL,WA,-4571625,2439,2439,0,,8795,8795,504,4,,103,,0,,,,,45,123312,120682,1931,0,,,,,,0,2592766,24509,2592766,24509,,,,,,0,,0
301,FALL,WA,-4698783,2439,2439,0,,8803,8803,526,8,,105,,0,,,,,55,124719,122047,1407,0,,,,,,0,2612198,19432,2612198,19432,,,,,,0,,0
302,FALL,WA,-4826739,2460,2460,21,,9031,9031,537,228,,110,,0,,,,,62,125496,122814,777,0,,,,,,0,2627515,15317,2627515,15317,,,,,,0,,0
303,FALL,WA,-4957430,2482,2482,22,,9092,9092,589,61,,107,,0,,,,,58,128209,125396,2713,0,,,,,,0,2644425,16910,2644425,16910,,,,,,0,,0
304,FALL,WA,-5090505,2482,2482,0,,9092,9092,628,0,,115,,0,,,,,58,130593,127648,2384,0,,,,,,0,2644425,0,2644425,0,,,,,,0,,0
305,FALL,WA,-5225768,2507,2507,25,,9178,9178,653,86,,147,,0,,,,,76,132756,129688,2163,0,,,,,,0,2694170,49745,2694170,49745,,,,,,0,,0
306,FALL,WA,-5363953,2519,2519,12,,9266,9266,698,88,,154,,0,,,,,121,135666,132462,2910,0,,,,,,0,2722087,27917,2722087,27917,,,,,,0,,0
307,FALL,WA,-5504748,2519,2519,0,,9281,9281,658,15,,156,,0,,,,,75,138276,134923,2610,0,,,,,,0,2748782,26695,2748782,26695,,,,,,0,,0
308,FALL,WA,-5647424,2519,2519,0,,9425,9425,681,144,,177,,0,,,,,84,140157,136771,1881,0,,,,,,0,2778095,29313,2778095,29313,,,,,,0,,0
309,FALL,WA,-5791298,2548,2548,29,,9518,9518,707,93,,167,,0,,,,,85,141326,137921,1169,0,,,,,,0,2795736,17641,2795736,17641,,,,,,0,,0
310,FALL,WA,-5938649,2571,2571,23,,9573,9573,738,55,,208,,0,,,,,87,144780,141110,3454,0,,,,,,0,2813081,17345,2813081,17345,,,,,,0,,0
311,FALL,WA,-6089237,2592,2592,21,,9622,9622,748,49,,191,,0,,,,,85,147996,144161,3216,0,,,,,,0,2835472,22391,2835472,22391,,,,,,0,,0
312,FALL,WA,-6242906,2603,2603,11,,9653,9653,844,31,,209,,0,,,,,94,151066,147044,3070,0,,,,,,0,2856474,21002,2856474,21002,,,,,,0,,0
313,FALL,WA,-6399673,2619,2619,16,,9717,9717,876,64,,206,,0,,,,,87,154148,149920,3082,0,,,,,,0,2877894,21420,2877894,21420,,,,,,0,,0
314,FALL,WA,-6559633,2619,2619,0,,9765,9765,887,48,,199,,0,,,,,86,157341,152996,3193,0,,,,,,0,2894367,16473,2894367,16473,,,,,,0,,0
315,FALL,WA,-6721483,2619,2619,0,,9765,9765,893,0,,165,,0,,,,,86,159231,154801,1890,0,,,,,,0,2894367,0,2894367,0,,,,,,0,,0
316,FALL,WA,-6884774,2655,2655,36,,10096,10096,894,331,,187,,0,,,,,82,160636,156154,1405,0,,,,,,0,2894367,0,2894367,0,,,,,,0,,0
317,FALL,WA,-7051778,2690,2690,35,,10166,10166,932,70,,214,,0,,,,,101,164314,159612,3678,0,,,,,,0,2894367,0,2894367,0,,,,,,0,,0
318,FALL,WA,-7221953,2704,2704,14,,10242,10242,1007,76,,215,,0,,,,,102,167471,162590,3157,0,,,,,,0,2894367,0,2894367,0,,,,,,0,,0
319,FALL,WA,-7395064,2704,2704,0,,10242,10242,1002,0,,226,,0,,,,,102,170407,165384,2936,0,,,,,,0,2894367,0,2894367,0,,,,,,0,,0
320,FALL,WA,-7568704,2703,2703,-1,,10496,10496,990,254,,207,,0,,,,,83,170937,165906,530,0,,,,,,0,2894367,0,2894367,0,,,,,,0,,0
321,FALL,WA,-7744968,2703,2703,0,,10663,10663,983,167,,236,,0,,,,,94,173561,168419,2624,0,,,,,,0,2894367,0,2894367,0,,,,,,0,,0
322,FALL,WA,-7923411,2703,2703,0,,10759,10759,989,96,,256,,0,,,,,103,175740,170525,2179,0,,,,,,0,2894367,0,2894367,0,,,,,,0,,0
323,WINTER,WA,-8103239,2774,2774,71,,10895,10895,1003,136,,260,,0,,,,,113,177054,171778,1314,0,,,,,,0,2894367,0,2894367,0,,,,,,0,,0
324,WINTER,WA,-8287800,2805,2805,31,,10920,10920,1077,25,,284,,0,,,,,128,181756,176278,4702,0,,,,,,0,2894367,0,2894367,0,,,,,,0,,0
325,WINTER,WA,-8475807,2850,2850,45,,10954,10954,1083,34,,274,,0,,,,,135,185157,179413,3401,0,,,,,,0,2894367,0,2894367,0,,,,,,0,,0
326,WINTER,WA,-8667176,2900,2900,50,,11195,11195,1097,241,,278,,0,,,,,137,188469,182557,3312,0,,,,,,0,2894367,0,2894367,0,,,,,,0,,0
327,WINTER,WA,-8861708,2925,2925,25,,11273,11273,1099,78,,274,,0,,,,,132,191607,185493,3138,0,,,,,,0,3120146,225779,3120146,225779,,,,,,0,,0
328,WINTER,WA,-9059320,2925,2925,0,,11475,11475,1099,202,,274,,0,,,,,136,194687,188411,3080,0,,,,,,0,3133845,13699,3133845,13699,,,,,,0,,0
329,WINTER,WA,-9258705,2925,2925,0,,11544,11544,1099,69,,274,,0,,,,,135,196460,190099,1773,0,,,,,,0,3143000,9155,3143000,9155,,,,,,0,,0
330,WINTER,WA,-9459288,2941,2941,16,,11696,11696,1094,152,,281,,0,,,,,135,197642,191241,1182,0,,,,,,0,3164714,21714,3164714,21714,,,,,,0,,0
331,WINTER,WA,-9663547,2967,2967,26,,11841,11841,1114,145,,294,,0,,,,,141,201292,194605,3650,0,,,,,,0,3197050,32336,3197050,32336,,,,,,0,,0
332,WINTER,WA,-9870832,3016,3016,49,,11996,11996,1177,155,,294,,0,,,,,144,204269,197334,2977,0,,,,,,0,3225428,28378,3225428,28378,,,,,,0,,0
333,WINTER,WA,-10080508,2850,2850,-166,,12084,12084,1166,88,,262,,0,,,,,133,206826,199729,2557,0,,,,,,0,3256838,31410,3256838,31410,,,,,,0,,0
334,WINTER,WA,-10292634,2879,2879,29,,12237,12237,1140,153,,248,,0,,,,,133,209247,202000,2421,0,,,,,,0,3285936,29098,3285936,29098,,,,,,0,,0
335,WINTER,WA,-10506988,2879,2879,0,,12368,12368,1140,131,,248,,0,,,,,131,211475,204060,2228,0,,,,,,0,3320070,34134,3320070,34134,,,,,,0,,0
336,WINTER,WA,-10722752,2879,2879,0,,12525,12525,1140,157,,248,,0,,,,,147,212885,205413,1410,0,,,,,,0,3347903,27833,3347903,27833,,,,,,0,,0
337,WINTER,WA,-10939207,2918,2918,39,,12649,12649,1144,124,,250,,0,,,,,128,213537,206025,652,0,,,,,,0,3380344,32441,3380344,32441,,,,,,0,,0
338,WINTER,WA,-11156364,2953,2953,35,,12773,12773,1181,124,,260,,0,,,,,138,214204,206544,667,0,,,,,,0,3411676,31332,3411676,31332,,,,,,0,,0
339,WINTER,WA,-11373671,3042,,89,,13074,13074,1233,301,,279,,0,,,,,141,214265,206594,61,0,,,,,,0,3432892,21216,3432892,21216,,,,,,0,,0
340,WINTER,WA,-11593993,3117,,75,,13235,13235,1231,161,,273,,0,,,,,150,217205,209344,2940,0,,,,,,0,3432892,0,3432892,0,,,,,,0,,0
341,WINTER,WA,-11817365,3104,,-13,,13291,13291,1175,56,,258,,0,,,,,144,220268,212283,3063,0,,,,,,0,3478628,45736,3478628,45736,,,,,,0,,0
342,WINTER,WA,-12043069,3104,,0,,13391,13391,1175,100,,258,,0,,,,,137,222600,214466,2332,0,,,,,,0,3503577,24949,3503577,24949,,,,,,0,,0
343,WINTER,WA,-12268773,3104,,0,,13391,13391,1175,0,,258,,0,,,,,137,222600,214466,0,0,,,,,,0,3503577,0,3503577,0,,,,,,0,,0
344,WINTER,WA,-12498514,3106,,2,,13515,13515,1207,124,,272,,0,,,,,128,226635,218415,4035,0,,,,,,0,3559695,56118,3559695,56118,,,,,,0,,0
345,WINTER,WA,-12729532,3131,,25,,13590,13590,774,75,,195,,0,,,,,97,227887,219584,1252,0,,,,,,0,3590459,30764,3590459,30764,,,,,,0,,0
346,WINTER,WA,-12962896,3162,,31,,13617,13617,1202,27,,263,,0,,,,,105,230202,221695,2315,0,,,,,,0,3620650,30191,3620650,30191,,,,,,0,,0
347,WINTER,WA,-13199173,3184,,22,,13908,13908,1200,291,,243,,0,,,,,108,233093,224399,2891,0,,,,,,0,3649210,28560,3649210,28560,,,,,,0,,0
348,WINTER,WA,-13435450,3184,,0,,13908,13908,1200,0,,243,,0,,,,,108,233093,224399,0,0,,,,,,0,3649210,0,3649210,0,,,,,,0,,0
349,WINTER,WA,-13675353,3184,,0,,14096,14096,1200,188,,243,,0,,,,,90,236719,227795,3626,0,,,,,,0,3710779,61569,3710779,61569,,,,,,0,,0
350,WINTER,WA,-13915256,3184,,0,,14096,14096,1200,0,,243,,0,,,,,90,236719,227795,0,0,,,,,,0,3710779,0,3710779,0,,,,,,0,,0
351,WINTER,WA,-14157123,3195,,11,,14276,14276,1280,180,,265,,0,,,,,105,238672,229672,1953,0,,,,,,0,3768662,57883,3768662,57883,,,,,,0,,0
352,WINTER,WA,-14401338,3369,,174,,14445,14445,1201,169,,245,,0,,,,,108,240846,231724,2174,0,,,,,,0,3798321,29659,3798321,29659,,,,,,0,,0
353,WINTER,WA,-14647088,3420,,51,,14571,14571,1088,126,,235,,0,,,,,118,242330,232993,1484,0,,,,,,0,3805390,7069,3805390,7069,,,,,,0,,0
354,WINTER,WA,-14897301,3461,,41,,14748,14748,1138,177,,248,,0,,,,,118,246752,237165,4422,0,,,,,,0,3836820,31430,3836820,31430,,,,,,0,,0
355,WINTER,WA,-15147514,3461,,0,,14748,14748,1138,0,,248,,0,,,,,118,246752,237165,0,0,,,,,,0,3836820,0,3836820,0,,,,,,0,,0
356,WINTER,WA,-15397727,3461,,0,,14748,14748,1138,0,,248,,0,,,,,118,246752,237165,0,0,,,,,,0,3836820,0,3836820,0,,,,,,0,,0
357,WINTER,WA,-15656582,3459,,-2,,15111,15111,1138,363,,248,,0,,,,,116,255396,245381,8644,0,,,,,,0,3909972,73152,3909972,73152,,,,,,0,,0
358,WINTER,WA,-15916499,3482,,23,,15160,15160,1117,49,,249,,0,,,,,109,256435,246376,1039,0,,,,,,0,3935760,25788,3935760,25788,,,,,,0,,0
359,WINTER,WA,-16178807,3541,,59,,15327,15327,1167,167,,262,,0,,,,,121,258767,248580,2332,0,,,,,,0,3949632,13872,3949632,13872,,,,,,0,,0
360,WINTER,WA,-16443164,3605,,64,,15415,15415,1159,88,,266,,0,,,,,109,260752,250306,1985,0,,,,,,0,3969589,19957,3969589,19957,,,,,,0,,0
361,WINTER,WA,-16710810,3634,,29,,15568,15568,1197,153,,242,,0,,,,,104,264012,253401,3260,0,,,,,,0,3987138,17549,3987138,17549,,,,,,0,,0
362,WINTER,WA,-16983116,3699,,65,,15557,15557,1177,-11,,245,,0,,,,,118,268607,257447,4595,0,,,,,,0,4009784,22646,4009784,22646,,,,,,0,,0
363,WINTER,WA,-17258409,3698,,-1,,15771,15771,1177,214,,245,,0,,,,,86,271595,260360,2988,0,,,,,,0,4034774,24990,4034774,24990,,,,,,0,,0
364,WINTER,WA,-17533702,3698,,0,,15771,15771,1177,0,,245,,0,,,,,86,271595,260360,0,0,,,,,,0,4034774,0,4034774,0,,,,,,0,,0
365,WINTER,WA,-17814087,3699,,1,,15978,15978,1074,207,,234,,0,,,,,116,276686,265312,5091,0,,,,,,0,4087531,52757,4087531,52757,,,,,,0,,0
366,WINTER,WA,-18096420,3789,,90,,16068,16068,1076,90,,216,,0,,,,,111,278544,266701,1858,0,,,,,,0,4110647,23116,4110647,23116,,,,,,0,,0
367,WINTER,WA,-18381460,3838,,49,,16080,16080,1083,12,,215,,0,,,,,93,281202,269201,2658,0,,,,,,0,4128417,17770,4128417,17770,,,,,,0,,0
368,WINTER,WA,-18669113,3876,,38,,16080,16080,1105,0,,202,,0,,,,,93,283777,271643,2575,0,,,,,,0,4153214,24797,4153214,24797,,,,,,0,,0
369,WINTER,WA,-18958986,3903,,27,,16370,16370,1066,290,,238,,0,,,,,105,285970,273703,2193,0,,,,,,0,4179833,26619,4179833,26619,,,,,,0,,0
370,WINTER,WA,-19248859,3903,,0,,16370,16370,1066,0,,238,,0,,,,,105,285970,273703,0,0,,,,,,0,4179833,0,4179833,0,,,,,,0,,0
371,WINTER,WA,-19542701,3903,,0,,16558,16558,1066,188,,238,,0,,,,,158,289939,277404,3969,0,,,,,,0,4233758,53925,4233758,53925,,,,,,0,,0
372,WINTER,WA,-19836543,3903,,0,,16558,16558,1066,0,,238,,0,,,,,158,289939,277404,0,0,,,,,,0,4233758,0,4233758,0,,,,,,0,,0
373,WINTER,WA,-20132472,3940,,37,,16642,16642,1012,84,,243,,0,,,,,104,291989,279421,2050,0,,,,,,0,4265548,31790,4265548,31790,,,,,,0,,0
374,WINTER,WA,-20430429,3940,,0,,16848,16848,977,206,,221,,0,,,,,99,294017,281258,2028,0,,,,,,0,4297306,31758,4297306,31758,,,,,,0,,0
375,WINTER,WA,-20730581,4065,,125,,16939,16939,1012,91,,243,,0,,,,,80,296087,283188,2070,0,,,,,,0,4325798,28492,4325798,28492,,,,,,0,,0
376,WINTER,WA,-21032944,4114,,49,,17037,17037,916,98,,242,,0,,,,,83,298249,285187,2162,0,,,,,,0,4349779,23981,4349779,23981,,,,,,0,,0
377,WINTER,WA,-21337256,4114,,0,,17129,17129,916,92,,242,,0,,,,,100,300198,287031,1949,0,,,,,,0,4373646,23867,4373646,23867,,,,,,0,,0
378,WINTER,WA,-21641568,4114,,0,,17129,17129,916,0,,242,,0,,,,,100,300198,287031,0,0,,,,,,0,4373646,0,4373646,0,,,,,,0,,0
379,WINTER,WA,-21947857,4148,,34,,17259,17259,846,130,,173,,0,,,,,82,302141,288948,1943,0,,,,,,0,4424230,50584,4424230,50584,,,,,,0,,0
380,WINTER,WA,-22255506,4167,,19,,17354,17354,869,95,,184,,0,,,,,100,303482,290168,1341,0,,,,,,0,4446844,22614,4446844,22614,,,,,,0,,0
381,WINTER,WA,-22565006,4211,,44,,17449,17449,823,95,,197,,0,,,,,99,305289,291701,1807,0,,,,,,0,4470215,23371,4470215,23371,,,,,,0,,0
382,WINTER,WA,-22877058,4243,,32,,17517,17517,806,68,,195,,0,,,,,102,307809,293978,2520,0,,,,,,0,4495463,25248,4495463,25248,,,,,,0,,0
383,WINTER,WA,-23191144,4285,,42,,17543,17543,797,26,,193,,0,,,,,102,309801,295861,1992,0,,,,,,0,4524221,28758,4524221,28758,,,,,,0,,0
384,WINTER,WA,-23507026,4285,,0,,17706,17706,797,163,,193,,0,,,,,88,311597,297513,1796,0,,,,,,0,4548239,24018,4548239,24018,,,,,,0,,0
385,WINTER,WA,-23822908,4285,,0,,17706,17706,797,0,,193,,0,,,,,88,311597,297513,0,0,,,,,,0,4548239,0,4548239,0,,,,,,0,,0
386,WINTER,WA,-24140561,4318,,33,,17812,17812,814,106,,203,,0,,,,,90,313335,299098,1738,0,,,,,,0,4597590,49351,4597590,49351,,,,,,0,,0
387,WINTER,WA,-24459569,4316,,-2,,17892,17892,838,80,,194,,0,,,,,89,314692,300018,1357,0,,,,,,0,4614786,17196,4614786,17196,,,,,,0,,0
388,WINTER,WA,-24780251,4388,,72,,17987,17987,789,95,,183,,0,,,,,83,316294,301372,1602,0,,,,,,0,4645828,31042,4645828,31042,,,,,,0,,0
389,WINTER,WA,-25102545,4416,,28,,18071,18071,789,84,,183,,0,,,,,80,317878,302782,1584,0,,,,,,0,4670815,24987,4670815,24987,,,,,,0,,0
390,WINTER,WA,-25426365,4449,,33,,18156,18156,737,85,,186,,0,,,,,73,319371,303961,1493,0,,,,,,0,4694650,23835,4694650,23835,,,,,,0,,0
391,WINTER,WA,-25750960,4449,,0,,18283,18283,737,127,,186,,0,,,,,73,320146,304382,775,0,,,,,,0,4716859,22209,4716859,22209,,,,,,0,,0
392,WINTER,WA,-26075555,4449,,0,,18283,18283,737,0,,186,,0,,,4412414,,73,320146,304382,0,0,,,,,304315,0,4716859,0,4716859,0,,,,,,0,,0
393,WINTER,WA,-26403220,4451,,2,,18480,18480,719,197,,188,,0,,,4464543,,78,323214,307189,3068,0,,,,,307163,0,4771837,54978,4771837,54978,,,,,,0,,0
394,WINTER,WA,-26731803,4558,,107,,18530,18530,704,50,,160,,0,,,4485964,,62,324025,307867,811,0,,,,,307829,0,4793925,22088,4793925,22088,,,,,,0,,0
395,WINTER,WA,-27061112,4603,,45,,18516,18516,687,-14,,151,,0,,,4506197,,61,324706,308392,681,0,,,,,308338,0,4814665,20740,4814665,20740,,,,,,0,,0
396,WINTER,WA,-27391904,4633,,30,,18531,18531,678,15,,151,,0,,,4530317,,79,326159,309673,1453,0,,,,,309629,0,4840076,25411,4840076,25411,,,,,,0,,0
397,WINTER,WA,-27723746,4675,,42,,18604,18604,628,73,,151,,0,,,4556332,,48,327167,310541,1008,0,,,,,310521,0,4866993,26917,4866993,26917,,,,,,0,,0
398,WINTER,WA,-28056468,4675,,0,,18643,18643,628,39,,151,,0,,,4584757,,52,328047,311288,880,0,,,,,311237,0,4896154,29161,4896154,29161,,,,,,0,,0
399,WINTER,WA,-28389190,4675,,0,,18643,18643,628,0,,151,,0,,,4584757,,62,328047,311288,0,0,,,,,311237,0,4896154,0,4896154,0,,,,,,0,,0
400,WINTER,WA,-28721912,4675,,0,,18643,18643,628,0,,151,,0,,,4584757,,57,328047,311288,0,0,,,,,311237,0,4896154,0,4896154,0,,,,,,0,,0
401,WINTER,WA,-29056367,4709,,34,,18764,18764,628,121,,151,,0,,,4654384,,55,329746,312828,1699,0,,,,,312773,0,4967466,71312,4967466,71312,,,,,,0,,0
402,WINTER,WA,-29391933,4759,,50,,18861,18861,628,97,,151,,0,,,4683820,,60,330807,313633,1061,0,,,,,313595,0,4997740,30274,4997740,30274,,,,,,0,,0
403,WINTER,WA,-29728743,4803,,44,,18934,18934,600,73,,129,,0,,,4710363,,64,332007,314655,1200,0,,,,,314601,0,5025294,27554,5025294,27554,,,,,,0,,0
404,WINTER,WA,-30066469,4822,,19,,18969,18969,608,35,,123,,0,,,4732340,,59,332904,315419,897,0,,,,,315364,0,5048054,22760,5048054,22760,,,,,,0,,0
405,WINTER,WA,-30405085,4822,,0,,19033,19033,608,64,,123,,0,,,4757606,,54,333794,316186,890,0,,,,,316119,0,5074078,26024,5074078,26024,,,,,,0,,0
406,WINTER,WA,-30743701,4822,,0,,19033,19033,608,0,,123,,0,,,4757606,,54,333794,316186,0,0,,,,,316119,0,5074078,0,5074078,0,,,,,,0,,0
407,WINTER,WA,-31083520,4857,,35,,19110,19110,565,77,,121,,0,,,4802711,,55,334962,317223,1168,0,,,,,317161,0,5120226,46148,5120226,46148,,,,,,0,,0
408,WINTER,WA,-31424094,4881,,24,,19160,19160,544,50,,98,,0,,,4827423,,58,335693,317805,731,0,,,,,317740,0,5145517,25291,5145517,25291,,,,,,0,,0
409,WINTER,WA,-31765571,4912,,31,,19211,19211,534,51,,152,,0,,,4848716,,60,336565,318510,872,0,,,,,318442,0,5167513,21996,5167513,21996,,,,,,0,,0
410,WINTER,WA,-32108166,4942,,30,,19224,19224,548,13,,168,,0,,,4873457,,62,337653,319498,1088,0,,,,,319438,0,5193250,25737,5193250,25737,,,,,,0,,0
411,WINTER,WA,-32451944,4956,,14,,19275,19275,498,51,,135,,0,,,4892820,,59,338822,320317,1169,0,,,,,320250,0,5213424,20174,5213424,20174,,,,,,0,,0
412,WINTER,WA,-32796673,4956,,0,,19319,19319,498,44,,135,,0,,,4913062,,58,339773,321079,951,0,,,,,321014,0,5234432,21008,5234432,21008,,,,,,0,,0
413,SPRING,WA,-33141402,4956,,0,,19319,19319,498,0,,135,,0,,,4913062,,58,339773,321079,0,0,,,,,321014,0,5234432,0,5234432,0,,,,,,0,,0
414,SPRING,WA,-33487079,4969,,13,,19372,19372,473,53,,125,,0,,,4958153,,61,340708,321881,935,0,,,,,321822,0,5280330,45898,5280330,45898,,,,,,0,,0
415,SPRING,WA,-33833508,4988,,19,,19433,19433,467,61,,131,,0,,,4978720,,64,341441,322487,733,0,,,,,322430,0,5301508,21178,5301508,21178,,,,,,0,,0
416,SPRING,WA,-34180756,5012,,24,,19466,19466,461,33,,121,,0,,,4996968,,61,342236,323123,795,0,,,,,323057,0,5320381,18873,5320381,18873,,,,,,0,,0
417,SPRING,WA,-34528878,5032,,20,,19500,19500,413,34,,108,,0,,,5020273,,57,343090,323839,854,0,,,,,323771,0,5344402,24021,5344402,24021,,,,,,0,,0
418,SPRING,WA,-34877787,5041,,9,,19556,19556,431,56,,98,,0,,,5044931,,30,343868,324469,778,0,,,,,324428,0,5369716,25314,5369716,25314,,,,,,0,,0
419,SPRING,WA,-35227360,5041,,0,,19599,19599,431,43,,98,,0,,,5068404,,43,344532,325053,664,0,,,,,324994,0,5393756,24040,5393756,24040,,,,,,0,,0
